[{"model": "admin.logentry", "pk": 1, "fields": {"action_time": "2023-06-15T19:56:07.778Z", "user": 1, "content_type": 8, "object_id": "1", "object_repr": "Chef", "action_flag": 1, "change_message": "[{\"added\": {}}]"}}, {"model": "admin.logentry", "pk": 2, "fields": {"action_time": "2023-06-15T19:56:11.747Z", "user": 1, "content_type": 8, "object_id": "2", "object_repr": "User", "action_flag": 1, "change_message": "[{\"added\": {}}]"}}, {"model": "admin.logentry", "pk": 3, "fields": {"action_time": "2023-06-16T07:37:41.484Z", "user": 1, "content_type": 6, "object_id": "1", "object_repr": "The Witcher", "action_flag": 1, "change_message": "[{\"added\": {}}]"}}, {"model": "admin.logentry", "pk": 4, "fields": {"action_time": "2023-06-16T07:38:12.866Z", "user": 1, "content_type": 6, "object_id": "2", "object_repr": "Warcraft", "action_flag": 1, "change_message": "[{\"added\": {}}]"}}, {"model": "admin.logentry", "pk": 5, "fields": {"action_time": "2023-06-16T07:38:33.298Z", "user": 1, "content_type": 6, "object_id": "3", "object_repr": "The Elder Scrolls", "action_flag": 1, "change_message": "[{\"added\": {}}]"}}, {"model": "admin.logentry", "pk": 6, "fields": {"action_time": "2023-06-16T07:38:50.600Z", "user": 1, "content_type": 7, "object_id": "1", "object_repr": "Desert", "action_flag": 1, "change_message": "[{\"added\": {}}]"}}, {"model": "admin.logentry", "pk": 7, "fields": {"action_time": "2023-06-16T07:38:55.013Z", "user": 1, "content_type": 7, "object_id": "2", "object_repr": "Drink", "action_flag": 1, "change_message": "[{\"added\": {}}]"}}, {"model": "admin.logentry", "pk": 8, "fields": {"action_time": "2023-06-16T07:38:59.332Z", "user": 1, "content_type": 7, "object_id": "3", "object_repr": "Soup", "action_flag": 1, "change_message": "[{\"added\": {}}]"}}, {"model": "admin.logentry", "pk": 9, "fields": {"action_time": "2023-06-16T07:39:01.695Z", "user": 1, "content_type": 7, "object_id": "4", "object_repr": "Salad", "action_flag": 1, "change_message": "[{\"added\": {}}]"}}, {"model": "admin.logentry", "pk": 10, "fields": {"action_time": "2023-06-16T07:39:06.382Z", "user": 1, "content_type": 7, "object_id": "5", "object_repr": "Main dish", "action_flag": 1, "change_message": "[{\"added\": {}}]"}}, {"model": "admin.logentry", "pk": 11, "fields": {"action_time": "2023-06-16T07:39:08.514Z", "user": 1, "content_type": 7, "object_id": "6", "object_repr": "Baking", "action_flag": 1, "change_message": "[{\"added\": {}}]"}}, {"model": "admin.logentry", "pk": 12, "fields": {"action_time": "2023-06-16T07:40:03.149Z", "user": 1, "content_type": 9, "object_id": "1", "object_repr": "TEST", "action_flag": 1, "change_message": "[{\"added\": {}}]"}}, {"model": "admin.logentry", "pk": 13, "fields": {"action_time": "2023-06-16T07:40:21.635Z", "user": 1, "content_type": 9, "object_id": "2", "object_repr": "TESTS", "action_flag": 1, "change_message": "[{\"added\": {}}]"}}, {"model": "admin.logentry", "pk": 14, "fields": {"action_time": "2023-06-16T07:40:59.267Z", "user": 1, "content_type": 9, "object_id": "3", "object_repr": "TENDER SHOVELTUSK STEAK", "action_flag": 1, "change_message": "[{\"added\": {}}]"}}, {"model": "admin.logentry", "pk": 15, "fields": {"action_time": "2023-06-16T10:47:31.865Z", "user": 1, "content_type": 9, "object_id": "5", "object_repr": "Dragonfire Chili", "action_flag": 1, "change_message": "[{\"added\": {}}]"}}, {"model": "admin.logentry", "pk": 16, "fields": {"action_time": "2023-06-16T10:47:59.430Z", "user": 1, "content_type": 9, "object_id": "6", "object_repr": "Witcher's Potion Soup", "action_flag": 1, "change_message": "[{\"added\": {}}]"}}, {"model": "admin.logentry", "pk": 17, "fields": {"action_time": "2023-06-16T10:48:38.411Z", "user": 1, "content_type": 9, "object_id": "7", "object_repr": "Skyrim Sweet Rolls", "action_flag": 1, "change_message": "[{\"added\": {}}]"}}, {"model": "admin.logentry", "pk": 18, "fields": {"action_time": "2023-06-16T10:49:21.942Z", "user": 1, "content_type": 9, "object_id": "8", "object_repr": "Ironforge Braised Ribs", "action_flag": 1, "change_message": "[{\"added\": {}}]"}}, {"model": "admin.logentry", "pk": 19, "fields": {"action_time": "2023-06-16T10:49:57.809Z", "user": 1, "content_type": 9, "object_id": "9", "object_repr": "Geralt's Witcher Soup", "action_flag": 1, "change_message": "[{\"added\": {}}]"}}, {"model": "admin.logentry", "pk": 20, "fields": {"action_time": "2023-06-16T10:50:27.376Z", "user": 1, "content_type": 9, "object_id": "10", "object_repr": "Elsweyr Mango Tango Salad", "action_flag": 1, "change_message": "[{\"added\": {}}]"}}, {"model": "admin.logentry", "pk": 21, "fields": {"action_time": "2023-06-16T10:51:04.657Z", "user": 1, "content_type": 9, "object_id": "11", "object_repr": "Dwarven Ale-Battered Fish", "action_flag": 1, "change_message": "[{\"added\": {}}]"}}, {"model": "admin.logentry", "pk": 22, "fields": {"action_time": "2023-06-16T10:51:45.626Z", "user": 1, "content_type": 9, "object_id": "12", "object_repr": "Roasted Venison with Blackberry Sauce", "action_flag": 1, "change_message": "[{\"added\": {}}]"}}, {"model": "admin.logentry", "pk": 23, "fields": {"action_time": "2023-06-16T10:52:11.655Z", "user": 1, "content_type": 9, "object_id": "13", "object_repr": "Hearthglen Roast Chicken", "action_flag": 1, "change_message": "[{\"added\": {}}]"}}, {"model": "admin.logentry", "pk": 24, "fields": {"action_time": "2023-06-16T10:52:56.445Z", "user": 1, "content_type": 9, "object_id": "14", "object_repr": "Temerian Beef Stew", "action_flag": 1, "change_message": "[{\"added\": {}}]"}}, {"model": "admin.logentry", "pk": 25, "fields": {"action_time": "2023-06-16T10:53:25.528Z", "user": 1, "content_type": 9, "object_id": "15", "object_repr": "Skooma-infused Sweetrolls", "action_flag": 1, "change_message": "[{\"added\": {}}]"}}, {"model": "admin.logentry", "pk": 26, "fields": {"action_time": "2023-06-16T10:53:56.761Z", "user": 1, "content_type": 9, "object_id": "16", "object_repr": "Whiterun Honey-Glazed Carrots", "action_flag": 1, "change_message": "[{\"added\": {}}]"}}, {"model": "admin.logentry", "pk": 27, "fields": {"action_time": "2023-06-16T10:54:38.594Z", "user": 1, "content_type": 9, "object_id": "17", "object_repr": "Stormwind Mead", "action_flag": 1, "change_message": "[{\"added\": {}}]"}}, {"model": "admin.logentry", "pk": 28, "fields": {"action_time": "2023-06-16T10:54:58.255Z", "user": 1, "content_type": 9, "object_id": "18", "object_repr": "Swallow Potion", "action_flag": 1, "change_message": "[{\"added\": {}}]"}}, {"model": "admin.logentry", "pk": 29, "fields": {"action_time": "2023-06-16T10:55:21.245Z", "user": 1, "content_type": 9, "object_id": "19", "object_repr": "Scooma", "action_flag": 1, "change_message": "[{\"added\": {}}]"}}, {"model": "admin.logentry", "pk": 30, "fields": {"action_time": "2023-06-16T11:00:14.388Z", "user": 1, "content_type": 10, "object_id": "4", "object_repr": "QuantumCoder", "action_flag": 1, "change_message": "[{\"added\": {}}]"}}, {"model": "admin.logentry", "pk": 31, "fields": {"action_time": "2023-06-16T11:00:36.178Z", "user": 1, "content_type": 10, "object_id": "5", "object_repr": "StellarExplorer", "action_flag": 1, "change_message": "[{\"added\": {}}]"}}, {"model": "admin.logentry", "pk": 32, "fields": {"action_time": "2023-06-16T11:00:54.673Z", "user": 1, "content_type": 10, "object_id": "6", "object_repr": "TechnoMage", "action_flag": 1, "change_message": "[{\"added\": {}}]"}}, {"model": "admin.logentry", "pk": 33, "fields": {"action_time": "2023-06-16T11:01:09.592Z", "user": 1, "content_type": 10, "object_id": "7", "object_repr": "DreamWeaver", "action_flag": 1, "change_message": "[{\"added\": {}}]"}}, {"model": "admin.logentry", "pk": 34, "fields": {"action_time": "2023-06-16T11:01:22.540Z", "user": 1, "content_type": 10, "object_id": "8", "object_repr": "CodeNinja", "action_flag": 1, "change_message": "[{\"added\": {}}]"}}, {"model": "admin.logentry", "pk": 35, "fields": {"action_time": "2023-06-16T11:01:49.560Z", "user": 1, "content_type": 10, "object_id": "9", "object_repr": "Wanderlust", "action_flag": 1, "change_message": "[{\"added\": {}}]"}}, {"model": "admin.logentry", "pk": 36, "fields": {"action_time": "2023-06-16T11:01:57.914Z", "user": 1, "content_type": 10, "object_id": "10", "object_repr": "PixelMaster", "action_flag": 1, "change_message": "[{\"added\": {}}]"}}, {"model": "admin.logentry", "pk": 37, "fields": {"action_time": "2023-06-16T11:02:08.477Z", "user": 1, "content_type": 10, "object_id": "11", "object_repr": "CyberWarrior", "action_flag": 1, "change_message": "[{\"added\": {}}]"}}, {"model": "admin.logentry", "pk": 38, "fields": {"action_time": "2023-06-16T11:02:19.625Z", "user": 1, "content_type": 10, "object_id": "12", "object_repr": "MusicMaestro", "action_flag": 1, "change_message": "[{\"added\": {}}]"}}, {"model": "admin.logentry", "pk": 39, "fields": {"action_time": "2023-06-16T11:02:45.646Z", "user": 1, "content_type": 10, "object_id": "13", "object_repr": "ArtisticSoul", "action_flag": 1, "change_message": "[{\"added\": {}}]"}}, {"model": "admin.logentry", "pk": 40, "fields": {"action_time": "2023-06-16T11:02:57.210Z", "user": 1, "content_type": 10, "object_id": "14", "object_repr": "GeekGoddess", "action_flag": 1, "change_message": "[{\"added\": {}}]"}}, {"model": "admin.logentry", "pk": 41, "fields": {"action_time": "2023-06-16T11:03:05.963Z", "user": 1, "content_type": 10, "object_id": "15", "object_repr": "NatureLover", "action_flag": 1, "change_message": "[{\"added\": {}}]"}}, {"model": "admin.logentry", "pk": 42, "fields": {"action_time": "2023-06-16T11:03:15.823Z", "user": 1, "content_type": 10, "object_id": "16", "object_repr": "MidnightRider", "action_flag": 1, "change_message": "[{\"added\": {}}]"}}, {"model": "admin.logentry", "pk": 43, "fields": {"action_time": "2023-06-16T11:03:24.476Z", "user": 1, "content_type": 10, "object_id": "17", "object_repr": "FantasyFanatic", "action_flag": 1, "change_message": "[{\"added\": {}}]"}}, {"model": "admin.logentry", "pk": 44, "fields": {"action_time": "2023-06-16T11:03:33.551Z", "user": 1, "content_type": 10, "object_id": "18", "object_repr": "TechWhiz", "action_flag": 1, "change_message": "[{\"added\": {}}]"}}, {"model": "admin.logentry", "pk": 45, "fields": {"action_time": "2023-06-16T11:03:41.591Z", "user": 1, "content_type": 10, "object_id": "19", "object_repr": "Bookworm", "action_flag": 1, "change_message": "[{\"added\": {}}]"}}, {"model": "admin.logentry", "pk": 46, "fields": {"action_time": "2023-06-16T11:03:51.269Z", "user": 1, "content_type": 10, "object_id": "20", "object_repr": "StarGazer", "action_flag": 1, "change_message": "[{\"added\": {}}]"}}, {"model": "admin.logentry", "pk": 47, "fields": {"action_time": "2023-06-16T11:04:02.526Z", "user": 1, "content_type": 10, "object_id": "21", "object_repr": "AdventureSeeker", "action_flag": 1, "change_message": "[{\"added\": {}}]"}}, {"model": "admin.logentry", "pk": 48, "fields": {"action_time": "2023-06-16T11:04:12.659Z", "user": 1, "content_type": 10, "object_id": "22", "object_repr": "CoffeeAddict", "action_flag": 1, "change_message": "[{\"added\": {}}]"}}, {"model": "admin.logentry", "pk": 49, "fields": {"action_time": "2023-06-16T11:04:22.475Z", "user": 1, "content_type": 10, "object_id": "23", "object_repr": "GameChanger", "action_flag": 1, "change_message": "[{\"added\": {}}]"}}, {"model": "auth.permission", "pk": 1, "fields": {"name": "Can add log entry", "content_type": 1, "codename": "add_logentry"}}, {"model": "auth.permission", "pk": 2, "fields": {"name": "Can change log entry", "content_type": 1, "codename": "change_logentry"}}, {"model": "auth.permission", "pk": 3, "fields": {"name": "Can delete log entry", "content_type": 1, "codename": "delete_logentry"}}, {"model": "auth.permission", "pk": 4, "fields": {"name": "Can view log entry", "content_type": 1, "codename": "view_logentry"}}, {"model": "auth.permission", "pk": 5, "fields": {"name": "Can add permission", "content_type": 2, "codename": "add_permission"}}, {"model": "auth.permission", "pk": 6, "fields": {"name": "Can change permission", "content_type": 2, "codename": "change_permission"}}, {"model": "auth.permission", "pk": 7, "fields": {"name": "Can delete permission", "content_type": 2, "codename": "delete_permission"}}, {"model": "auth.permission", "pk": 8, "fields": {"name": "Can view permission", "content_type": 2, "codename": "view_permission"}}, {"model": "auth.permission", "pk": 9, "fields": {"name": "Can add group", "content_type": 3, "codename": "add_group"}}, {"model": "auth.permission", "pk": 10, "fields": {"name": "Can change group", "content_type": 3, "codename": "change_group"}}, {"model": "auth.permission", "pk": 11, "fields": {"name": "Can delete group", "content_type": 3, "codename": "delete_group"}}, {"model": "auth.permission", "pk": 12, "fields": {"name": "Can view group", "content_type": 3, "codename": "view_group"}}, {"model": "auth.permission", "pk": 13, "fields": {"name": "Can add content type", "content_type": 4, "codename": "add_contenttype"}}, {"model": "auth.permission", "pk": 14, "fields": {"name": "Can change content type", "content_type": 4, "codename": "change_contenttype"}}, {"model": "auth.permission", "pk": 15, "fields": {"name": "Can delete content type", "content_type": 4, "codename": "delete_contenttype"}}, {"model": "auth.permission", "pk": 16, "fields": {"name": "Can view content type", "content_type": 4, "codename": "view_contenttype"}}, {"model": "auth.permission", "pk": 17, "fields": {"name": "Can add session", "content_type": 5, "codename": "add_session"}}, {"model": "auth.permission", "pk": 18, "fields": {"name": "Can change session", "content_type": 5, "codename": "change_session"}}, {"model": "auth.permission", "pk": 19, "fields": {"name": "Can delete session", "content_type": 5, "codename": "delete_session"}}, {"model": "auth.permission", "pk": 20, "fields": {"name": "Can view session", "content_type": 5, "codename": "view_session"}}, {"model": "auth.permission", "pk": 21, "fields": {"name": "Can add game", "content_type": 6, "codename": "add_game"}}, {"model": "auth.permission", "pk": 22, "fields": {"name": "Can change game", "content_type": 6, "codename": "change_game"}}, {"model": "auth.permission", "pk": 23, "fields": {"name": "Can delete game", "content_type": 6, "codename": "delete_game"}}, {"model": "auth.permission", "pk": 24, "fields": {"name": "Can view game", "content_type": 6, "codename": "view_game"}}, {"model": "auth.permission", "pk": 25, "fields": {"name": "Can add type of dish", "content_type": 7, "codename": "add_typeofdish"}}, {"model": "auth.permission", "pk": 26, "fields": {"name": "Can change type of dish", "content_type": 7, "codename": "change_typeofdish"}}, {"model": "auth.permission", "pk": 27, "fields": {"name": "Can delete type of dish", "content_type": 7, "codename": "delete_typeofdish"}}, {"model": "auth.permission", "pk": 28, "fields": {"name": "Can view type of dish", "content_type": 7, "codename": "view_typeofdish"}}, {"model": "auth.permission", "pk": 29, "fields": {"name": "Can add type user", "content_type": 8, "codename": "add_typeuser"}}, {"model": "auth.permission", "pk": 30, "fields": {"name": "Can change type user", "content_type": 8, "codename": "change_typeuser"}}, {"model": "auth.permission", "pk": 31, "fields": {"name": "Can delete type user", "content_type": 8, "codename": "delete_typeuser"}}, {"model": "auth.permission", "pk": 32, "fields": {"name": "Can view type user", "content_type": 8, "codename": "view_typeuser"}}, {"model": "auth.permission", "pk": 33, "fields": {"name": "Can add recipe", "content_type": 9, "codename": "add_recipe"}}, {"model": "auth.permission", "pk": 34, "fields": {"name": "Can change recipe", "content_type": 9, "codename": "change_recipe"}}, {"model": "auth.permission", "pk": 35, "fields": {"name": "Can delete recipe", "content_type": 9, "codename": "delete_recipe"}}, {"model": "auth.permission", "pk": 36, "fields": {"name": "Can view recipe", "content_type": 9, "codename": "view_recipe"}}, {"model": "auth.permission", "pk": 37, "fields": {"name": "Can add user", "content_type": 10, "codename": "add_useraccount"}}, {"model": "auth.permission", "pk": 38, "fields": {"name": "Can change user", "content_type": 10, "codename": "change_useraccount"}}, {"model": "auth.permission", "pk": 39, "fields": {"name": "Can delete user", "content_type": 10, "codename": "delete_useraccount"}}, {"model": "auth.permission", "pk": 40, "fields": {"name": "Can view user", "content_type": 10, "codename": "view_useraccount"}}, {"model": "contenttypes.contenttype", "pk": 1, "fields": {"app_label": "admin", "model": "logentry"}}, {"model": "contenttypes.contenttype", "pk": 2, "fields": {"app_label": "auth", "model": "permission"}}, {"model": "contenttypes.contenttype", "pk": 3, "fields": {"app_label": "auth", "model": "group"}}, {"model": "contenttypes.contenttype", "pk": 4, "fields": {"app_label": "contenttypes", "model": "contenttype"}}, {"model": "contenttypes.contenttype", "pk": 5, "fields": {"app_label": "sessions", "model": "session"}}, {"model": "contenttypes.contenttype", "pk": 6, "fields": {"app_label": "menu", "model": "game"}}, {"model": "contenttypes.contenttype", "pk": 7, "fields": {"app_label": "menu", "model": "typeofdish"}}, {"model": "contenttypes.contenttype", "pk": 8, "fields": {"app_label": "menu", "model": "typeuser"}}, {"model": "contenttypes.contenttype", "pk": 9, "fields": {"app_label": "menu", "model": "recipe"}}, {"model": "contenttypes.contenttype", "pk": 10, "fields": {"app_label": "menu", "model": "useraccount"}}, {"model": "sessions.session", "pk": "0wvcqg3kwim4booiineysxar8msyxex5", "fields": {"session_data": ".eJxVjDsOwyAQRO9CHSHzNaRM7zOgXRaCkwgkY1dR7h5bcpGUM-_NvFmAbS1h62kJM7Erk4ZdfkuE-Ez1IPSAem88trouM_JD4SftfGqUXrfT_Tso0Mu-1t7prCT6SImsVXYgb3D0mJLzIjppRSbppVDCwh7QZJM1KpCjFYN27PMF_e83Vw:1qBf8f:7aYi9W1wod6CrJcSyCAkd3jgb9hECKuiQBMWq7-I9_U", "expire_date": "2023-07-04T17:27:33.807Z"}}, {"model": "sessions.session", "pk": "46t0d850eha3hxs00wcv3tb6005apnq7", "fields": {"session_data": ".eJxVjEEOgjAQRe_StWlKGZjWpXvP0Mx0poIaSCisjHdXEha6_e-9_zKJtnVIW9UljWLOxoM5_Y5M-aHTTuRO0222eZ7WZWS7K_ag1V5n0eflcP8OBqrDt0aEErVVD9xBdq3DJjAHRXGhJ4YuN5md5KhQvIA6CUilR6EGSWMx7w8NXjjN:1qBIf3:rNwdd87_Kw3X2Pqx7IciRA_7VUcVsxDJ3im9bkT2XDU", "expire_date": "2023-07-03T17:27:29.845Z"}}, {"model": "sessions.session", "pk": "9mj727btep4s6r6azz9nozsj3sjr9foq", "fields": {"session_data": ".eJxVjEEOwiAQRe_C2hBQwMGl-56BzDCDVA1NSrsy3l2bdKHb_977L5VwXWpau8xpZHVRVh1-N8L8kLYBvmO7TTpPbZlH0puid9r1MLE8r7v7d1Cx128tAOxNOGcxQtHFGInRBSzsxQBYNOCcWAYpJWIgVyTnHLw9nnwk8Or9AfvDOII:1qA40i:bv2vNlda7PSRIFnEyHMsbnUzsq1wCLQQMPQ66GBhhjE", "expire_date": "2023-06-30T07:36:44.868Z"}}, {"model": "sessions.session", "pk": "jk2jgmufaks3l4u304mrwia70qd2c32v", "fields": {"session_data": ".eJxVjMsOwiAQAP-FsyEsG14evfsNZCmLVA1NSnsy_ruS9KDXmcm8RKR9q3HvvMY5i7NAcfpliaYHtyHyndptkdPStnVOciTysF1el8zPy9H-DSr1OraatMlYELKzihGDU6iYMYH1gYopQMD-C8BbSM6XFJRWBUwirziL9wfMlzeW:1qA8mR:ks6yChg7_kuh4qHolYH2-FIx1JK_aBq5QCSp5w6EK0A", "expire_date": "2023-06-30T12:42:19.427Z"}}, {"model": "sessions.session", "pk": "pcodronvlqfnhshg5hxsgu9fs8bmeqhc", "fields": {"session_data": "e30:1q9t7r:LFbzvKfw3g7MLafJiBHYrEPs_glKUoSVnDRwVgty8LM", "expire_date": "2023-06-29T19:59:23.018Z"}}, {"model": "menu.typeuser", "pk": 1, "fields": {"type": "Chef"}}, {"model": "menu.typeuser", "pk": 2, "fields": {"type": "User"}}, {"model": "menu.useraccount", "pk": 1, "fields": {"password": "pbkdf2_sha256$600000$RNkbMOdz9yASlN1sTLuUdx$8qFEjbCt3pPkw7C4w1GonTi3a82uoHYqfftgtbyh9zA=", "last_login": "2023-06-16T10:43:36.026Z", "is_superuser": true, "username": "admin", "first_name": "", "last_name": "", "email": "admin@admin.com", "is_staff": true, "is_active": true, "date_joined": "2023-06-15T19:54:59.529Z", "type_user": null, "groups": [], "user_permissions": []}}, {"model": "menu.useraccount", "pk": 2, "fields": {"password": "pbkdf2_sha256$600000$w97aGdqr9tNGZXsNLJvuHP$V4aYtyj2BE93F5vRioc/c8zXTn73pJm40YyQLwVUHcE=", "last_login": null, "is_superuser": false, "username": "KittNekit", "first_name": "", "last_name": "", "email": "nikiyorkovich@gmail.com", "is_staff": false, "is_active": true, "date_joined": "2023-06-15T19:56:35.988Z", "type_user": 1, "groups": [], "user_permissions": []}}, {"model": "menu.useraccount", "pk": 3, "fields": {"password": "pbkdf2_sha256$600000$jtYbNSit37mL3YqLVKNWFL$F0/7xfaUkItQ2bCiJVLn5zHppG8j5vBvrrKYkjYoReg=", "last_login": "2023-06-16T12:42:19.426Z", "is_superuser": false, "username": "Cooker", "first_name": "Nikita", "last_name": "York", "email": "cook@cook.com", "is_staff": false, "is_active": true, "date_joined": "2023-06-16T09:26:09.470Z", "type_user": 1, "groups": [], "user_permissions": []}}, {"model": "menu.useraccount", "pk": 4, "fields": {"password": "pbkdf2_sha256$600000$Ktot4GYcdGcoLVEJBx5yQh$cMALIpf2QO5ZRQRv+wv9zfbM/XDljqB/R5HgRfvOJmk=", "last_login": null, "is_superuser": false, "username": "QuantumCoder", "first_name": "", "last_name": "", "email": "", "is_staff": false, "is_active": true, "date_joined": "2023-06-16T11:00:14.262Z", "type_user": 2, "groups": [], "user_permissions": []}}, {"model": "menu.useraccount", "pk": 5, "fields": {"password": "pbkdf2_sha256$600000$UHuFy2suqtKGo9cd2dMHsL$VimgTQ07VMVcToqe8DrFp5NU6fbq8Tt3OgqlxRgKRoQ=", "last_login": null, "is_superuser": false, "username": "StellarExplorer", "first_name": "", "last_name": "", "email": "", "is_staff": false, "is_active": true, "date_joined": "2023-06-16T11:00:36.049Z", "type_user": 2, "groups": [], "user_permissions": []}}, {"model": "menu.useraccount", "pk": 6, "fields": {"password": "pbkdf2_sha256$600000$7N3MdPZT2SAUataxvijba0$PHdm1wO21xskt6eoQqjBdulJDihu2xr6Q7d77K8F6mQ=", "last_login": null, "is_superuser": false, "username": "TechnoMage", "first_name": "", "last_name": "", "email": "", "is_staff": false, "is_active": true, "date_joined": "2023-06-16T11:00:54.541Z", "type_user": 2, "groups": [], "user_permissions": []}}, {"model": "menu.useraccount", "pk": 7, "fields": {"password": "pbkdf2_sha256$600000$gSLn3xooBDPLRirpArR5LP$YzO58bi3p37PeWF7i7yzAqGQ0Iah45kQPaUQD5ghnL4=", "last_login": null, "is_superuser": false, "username": "DreamWeaver", "first_name": "", "last_name": "", "email": "", "is_staff": false, "is_active": true, "date_joined": "2023-06-16T11:01:09.459Z", "type_user": 2, "groups": [], "user_permissions": []}}, {"model": "menu.useraccount", "pk": 8, "fields": {"password": "pbkdf2_sha256$600000$PbDbpzd3bIrGEgBW99FGoR$fYu8ODcsotfqyh8TMW+U7rLqtC4+j6KWq+JB9KbuAV8=", "last_login": null, "is_superuser": false, "username": "CodeNinja", "first_name": "", "last_name": "", "email": "", "is_staff": false, "is_active": true, "date_joined": "2023-06-16T11:01:22.409Z", "type_user": 2, "groups": [], "user_permissions": []}}, {"model": "menu.useraccount", "pk": 9, "fields": {"password": "pbkdf2_sha256$600000$TbQ6xs8TM1pGRe3qj0AjSK$+XJMnfKBOMYsLihGjp7DhP5rexxmr/fgwK4K0RlySm8=", "last_login": null, "is_superuser": false, "username": "Wanderlust", "first_name": "", "last_name": "", "email": "", "is_staff": false, "is_active": true, "date_joined": "2023-06-16T11:01:49.427Z", "type_user": 2, "groups": [], "user_permissions": []}}, {"model": "menu.useraccount", "pk": 10, "fields": {"password": "pbkdf2_sha256$600000$RfchAaOKpMXitJQovhsVY0$s/iq0UmAfXtO1kvu/2JMjS1A3K1i2B3zJgQtsa1Kt1k=", "last_login": null, "is_superuser": false, "username": "PixelMaster", "first_name": "", "last_name": "", "email": "", "is_staff": false, "is_active": true, "date_joined": "2023-06-16T11:01:57.786Z", "type_user": 2, "groups": [], "user_permissions": []}}, {"model": "menu.useraccount", "pk": 11, "fields": {"password": "pbkdf2_sha256$600000$zrjTTavZwoldyvyyTS72dZ$cLmRRGE7zbcCGHVW/eqkUT7BIb9YUXaMXEHV7/sQUZ0=", "last_login": null, "is_superuser": false, "username": "CyberWarrior", "first_name": "", "last_name": "", "email": "", "is_staff": false, "is_active": true, "date_joined": "2023-06-16T11:02:08.349Z", "type_user": 1, "groups": [], "user_permissions": []}}, {"model": "menu.useraccount", "pk": 12, "fields": {"password": "pbkdf2_sha256$600000$5C4S96kIiPoNTqz1sH7PmA$SXnlL06vXuUnFjW+nLcXPTMYBlj6a7kQXyY6+TczA1o=", "last_login": null, "is_superuser": false, "username": "MusicMaestro", "first_name": "", "last_name": "", "email": "", "is_staff": false, "is_active": true, "date_joined": "2023-06-16T11:02:19.492Z", "type_user": 2, "groups": [], "user_permissions": []}}, {"model": "menu.useraccount", "pk": 13, "fields": {"password": "pbkdf2_sha256$600000$60pEIKeuc0xIYbAhjV5Enb$7ICEI8VTabs6FKhgIEW7LzNjP2JruwuGNr3NDVCWmTU=", "last_login": null, "is_superuser": false, "username": "ArtisticSoul", "first_name": "", "last_name": "", "email": "", "is_staff": false, "is_active": true, "date_joined": "2023-06-16T11:02:45.518Z", "type_user": 1, "groups": [], "user_permissions": []}}, {"model": "menu.useraccount", "pk": 14, "fields": {"password": "pbkdf2_sha256$600000$NOxsnC7z1cm1QcWNfiDv05$wf7RdvqjdzX8mKk8Q2QqIqOA+onjH97QwIm76hBuThg=", "last_login": null, "is_superuser": false, "username": "GeekGoddess", "first_name": "", "last_name": "", "email": "", "is_staff": false, "is_active": true, "date_joined": "2023-06-16T11:02:57.076Z", "type_user": 1, "groups": [], "user_permissions": []}}, {"model": "menu.useraccount", "pk": 15, "fields": {"password": "pbkdf2_sha256$600000$uKbzxJuYRgWq5aiY8qcrbX$AJGBtqPpbhIU/YzLZ1W92F06u0PDqJAE+mAlXajlnvw=", "last_login": null, "is_superuser": false, "username": "NatureLover", "first_name": "", "last_name": "", "email": "", "is_staff": false, "is_active": true, "date_joined": "2023-06-16T11:03:05.833Z", "type_user": 2, "groups": [], "user_permissions": []}}, {"model": "menu.useraccount", "pk": 16, "fields": {"password": "pbkdf2_sha256$600000$M0neoeJqnFKTG5LsqzHZnv$rVsyDf/n1H6D7YdDAdAYe9HPNcIyvpGq9g0yQJ2XPPw=", "last_login": null, "is_superuser": false, "username": "MidnightRider", "first_name": "", "last_name": "", "email": "", "is_staff": false, "is_active": true, "date_joined": "2023-06-16T11:03:15.693Z", "type_user": 1, "groups": [], "user_permissions": []}}, {"model": "menu.useraccount", "pk": 17, "fields": {"password": "pbkdf2_sha256$600000$nu4oGsLNex17HwLZI6HSW7$PBOC5SQUs4NnzHckHdjcmoAblCgbX1YqEybh9wX02Qc=", "last_login": null, "is_superuser": false, "username": "FantasyFanatic", "first_name": "", "last_name": "", "email": "", "is_staff": false, "is_active": true, "date_joined": "2023-06-16T11:03:24.343Z", "type_user": 2, "groups": [], "user_permissions": []}}, {"model": "menu.useraccount", "pk": 18, "fields": {"password": "pbkdf2_sha256$600000$T2kaJ6ws9DbjGJyGTR0W80$h8mMRy7Ro8RidmlO6+blx8i3ZmWtssZuYSaWot/P6xU=", "last_login": null, "is_superuser": false, "username": "TechWhiz", "first_name": "", "last_name": "", "email": "", "is_staff": false, "is_active": true, "date_joined": "2023-06-16T11:03:33.421Z", "type_user": 1, "groups": [], "user_permissions": []}}, {"model": "menu.useraccount", "pk": 19, "fields": {"password": "pbkdf2_sha256$600000$uedkdrP85gTOzAzhmi5iDm$j0RAI4/MeTxk4H9MbV8H/JGjVCa1zCIoNbPKR8iBaJQ=", "last_login": null, "is_superuser": false, "username": "Bookworm", "first_name": "", "last_name": "", "email": "", "is_staff": false, "is_active": true, "date_joined": "2023-06-16T11:03:41.459Z", "type_user": 1, "groups": [], "user_permissions": []}}, {"model": "menu.useraccount", "pk": 20, "fields": {"password": "pbkdf2_sha256$600000$L4qBsGwQKAFWkeMuSAVCLe$X5IN+zdAZuv0n7TDJXxRafPyGsNS+Lx+yo/YbaWthwA=", "last_login": null, "is_superuser": false, "username": "StarGazer", "first_name": "", "last_name": "", "email": "", "is_staff": false, "is_active": true, "date_joined": "2023-06-16T11:03:51.134Z", "type_user": 2, "groups": [], "user_permissions": []}}, {"model": "menu.useraccount", "pk": 21, "fields": {"password": "pbkdf2_sha256$600000$E9cYcGDa6nDE9t4IEbNkG7$oIDFRCs06Muenmr0Xk+0nZgE2eayRAiVHJfcmIoQRaA=", "last_login": null, "is_superuser": false, "username": "AdventureSeeker", "first_name": "", "last_name": "", "email": "", "is_staff": false, "is_active": true, "date_joined": "2023-06-16T11:04:02.394Z", "type_user": 2, "groups": [], "user_permissions": []}}, {"model": "menu.useraccount", "pk": 22, "fields": {"password": "pbkdf2_sha256$600000$86Oa1zPPBoK9Na9WfIilR5$p/bOkTKbSJoiPbop2ACa44vtYJ6FSQVZahexj/Metfg=", "last_login": null, "is_superuser": false, "username": "CoffeeAddict", "first_name": "", "last_name": "", "email": "", "is_staff": false, "is_active": true, "date_joined": "2023-06-16T11:04:12.525Z", "type_user": 2, "groups": [], "user_permissions": []}}, {"model": "menu.useraccount", "pk": 23, "fields": {"password": "pbkdf2_sha256$600000$nA8Em6ncuy2FY1uQIn1337$sRiCkpEFPxz9fl+ppK9sJ62PYqg9zqCctavnvwakDs8=", "last_login": null, "is_superuser": false, "username": "GameChanger", "first_name": "", "last_name": "", "email": "", "is_staff": false, "is_active": true, "date_joined": "2023-06-16T11:04:22.342Z", "type_user": 2, "groups": [], "user_permissions": []}}, {"model": "menu.useraccount", "pk": 24, "fields": {"password": "pbkdf2_sha256$600000$Z6p0AT7JZjGePLOjyIjpU0$jQtcKJRhZqsXftHKzUk7e/Li+RAn1gDuIYNl8w1mscE=", "last_login": "2023-06-19T17:27:29.844Z", "is_superuser": false, "username": "aboba", "first_name": "", "last_name": "", "email": "sakjh@gmail.com", "is_staff": false, "is_active": true, "date_joined": "2023-06-19T17:27:01.957Z", "type_user": 1, "groups": [], "user_permissions": []}}, {"model": "menu.useraccount", "pk": 25, "fields": {"password": "pbkdf2_sha256$600000$rkq38YIIfaOH7JEyQKjZ6z$E4S5c7Revpn4lBdae7wzOAR8X0ey/fBnVHUB7H2KBr4=", "last_login": "2023-06-20T17:27:33.806Z", "is_superuser": false, "username": "user", "first_name": "", "last_name": "", "email": "user@user.com", "is_staff": false, "is_active": true, "date_joined": "2023-06-20T17:27:26.231Z", "type_user": 1, "groups": [], "user_permissions": []}}, {"model": "menu.game", "pk": 1, "fields": {"name": "The Witcher", "about": "The Witcher  is a 2007 action role-playing game developed by CD Projekt Red for Microsoft Windows and CD Projekt on OS X. It was based on the fantasy novel series The Witcher by Polish author Andrzej Sapkowski. The game's story takes place after the events of the main saga. It was released in 2007 to positive reviews from critics and received an aggregate score of 81/100 on Metacritic. In 2009, a console version, The Witcher: Rise of the White Wolf, was scheduled for release using an entirely new engine and combat system. This was suspended as a result of payment problems with console developers Widescreen Games. The first game has, to date, two sequels, namely The Witcher 2: Assassins of Kings in 2011 and The Witcher 3: Wild Hunt in 2015."}}, {"model": "menu.game", "pk": 2, "fields": {"name": "Warcraft", "about": "Warcraft is a franchise of video games, novels, and other media created by Blizzard Entertainment. The series is made up of five core games: Warcraft: Orcs & Humans, Warcraft II: Tides of Darkness, Warcraft III: Reign of Chaos, World of Warcraft, and Hearthstone. The first three of these core games are in the real-time strategy genre, where opposing players command virtual armies in battle against each other or a computer-controlled enemy. The fourth and best-selling title of the franchise is a massively multiplayer online role-playing game (MMORPG), where players control their character and interact with each other in a virtual world. Warcraft is one of the highest-grossing video game franchises of all time, having grossed $11.2 billion in lifetime revenue, as of 2018."}}, {"model": "menu.game", "pk": 3, "fields": {"name": "The Elder Scrolls", "about": "The Elder Scrolls is a media franchise of action role-playing video games primarily developed by Bethesda Game Studios and published by Bethesda Softworks. The series focuses on free-form gameplay in an open world. Morrowind, Oblivion and Skyrim all won Game of the Year awards from multiple outlets. The series has sold more than 58 million copies worldwide.\r\n\r\nWithin the series' fictional universe, each game takes place on the continent of Tamriel. The setting combines pre-medieval real-world elements, such as a powerful Roman-like Empire, with high fantasy medieval themes, including limited technology, widespread magic use, and the existence of many mythological creatures. The continent is split into a number of provinces inhabited by humans and humanoid fantasy races such as elves, orcs and anthropomorphic animals. A common theme in the lore is that a chosen hero rises to defeat an incoming threat, usually a malevolent being or an antagonistic army."}}, {"model": "menu.typeofdish", "pk": 1, "fields": {"name": "Desert"}}, {"model": "menu.typeofdish", "pk": 2, "fields": {"name": "Drink"}}, {"model": "menu.typeofdish", "pk": 3, "fields": {"name": "Soup"}}, {"model": "menu.typeofdish", "pk": 4, "fields": {"name": "Salad"}}, {"model": "menu.typeofdish", "pk": 5, "fields": {"name": "Main dish"}}, {"model": "menu.typeofdish", "pk": 6, "fields": {"name": "Baking"}}, {"model": "menu.recipe", "pk": 3, "fields": {"name": "TENDER SHOVELTUSK STEAK", "game_id": 2, "ingredients": "2 steaks, a pound each. If you don’t rush, wrap the meat into a cotton cloth, place on a grid so that the air would have access to meat from all sides, and put everything into a fridge for 3-4 days. Change the cloth daily and let the meat be of a room temperature by the time of cooking;\r\n1 tbsp of olive oil;\r\n50 g of butter;\r\n1 tbsp of salt;\r\n1 tsp of northern spices;\r\n1 clove of garlic. Crushed;\r\n1-2 cloves of garlic. Whole;\r\n1 glass of red dry wine ~ 230 ml;", "cooking_step": "Prepare the meat for the cooking, but do not wash it, as the surface must be dry;\r\n\r\nMix salt, northern spices and chopped garlic. Rub the meat with this mixture from all sides;\r\n\r\nPreheat the frying pan with olive oil and butter. I use a large cast-iron frying pan with a grill for that purposes;\r\n\r\nGently place the steaks in a pan and cook for 2.5 minutes. Turn over and cook for another 2.5 minutes;\r\n\r\nAt this point, I add a couple of crushed garlic cloves and, using a long teaspoon, pour the oil over the steaks. You can pour it all the way while the meat is being cooked. This is quite a pleasant and meditative activity.\r\n\r\nMy steaks were thick enough, so I took the tongs and cooked for another minute from all sides. All this time we cook on high fire;\r\n\r\nNow gently pour the wine — it should start hissing and expressing its displeasure. Cook for 2-3 minutes to get medium-rare. Then you can either remove the meat, put it a warm plate, cover it with foil and let it rest for 10 minutes, or cook 3-5 minutes more till your favorite degree of readiness, turning one or two times;\r\n\r\nReduce the heat to medium and boil the liquid to the state of the sauce. Cook for 6-10 minutes, stirring occasionally. I usually add a small piece of butter to this sauce;\r\nThis steak goes well with grilled vegetable or sauteed carrots, about which I have already written.\r\n\r\nTechnical issues and replacements:\r\n\r\nNo recommendations for meat, as everyone benefits from their preferences. Any piece of beef, from which you can prepare a steak, would do.\r\nI have a large cast-iron frying pan. It can hold up to two pieces of meat freely. It is important to cook on a high fire. If the temperature drops, the meat will no longer be roasted, but stewed;\r\nI have already written about smoked salt in the recipe of Forest Strider Drumstick. Please, read it or just replace the smoked salt with sea salt.", "time_to_cook": 60, "type_of_dish": 5}}, {"model": "menu.recipe", "pk": 4, "fields": {"name": "CHEERY CHERRY PIE", "game_id": 2, "ingredients": "Ingredients for the dough:\r\n\r\n400 g flour;\r\n200 g of butter;\r\nA couple of pinches of salt;\r\n10-12 tbsp. ice water.\r\nIngredients for the filling:\r\n\r\n400-450 g pitted cherries. If you take out a pit, be careful — we need a whole beautiful cherry. Both frozen and fresh cherries will do the thing. In the case of frozen cherries, remove it from the freezer in advance so that it has time to completely thaw and become a room temperature. Save the juice!\r\n100-150 ml of cherry juice;\r\n170-200 g of sugar;\r\n3 tbsp cornstarch;\r\n2 tsp of cinnamon;\r\n1/2 tsp ground cardamom;\r\n1/2 tsp ground ginger;\r\n1 scrambled egg with 1 tsp water for greasing.", "cooking_step": "Put water in the freezer;\r\nPlace the flour in a large bowl or sprinkle over a large cutting board;\r\nSalt the flour and add the cold diced butter. I also put a knife in the fridge in advance to quickly cut the butter. Mix the butter with the flour and chop with knives or fork. You’ll need a medium-sized crumb\r\nWhen the mixture is done, make a hole in it and pour the icy water. Knead like a regular dough. No need to stretch. In the end, you’ll need a ball-shaped dough. Ingredients must be cold. For more confidence from time to time I place my hands under cold running water;\r\nDivide the dough somewhere 60/40 (bottom and lid). Roll out a larger piece so that it becomes a little bigger than your baking pan. Spread the dough over the pan, adjusting it with your fingers. Cover with a plastic film and put into the fridge for half an hour;\r\nTake the pan out and pierce the dough with a fork. We do this to prevent hot steam from inflating the dough. The second piece of dough is still in the fridge;\r\nCover the bottom with baking paper and pour a thick layer of beans. Put the pan into a 200 C oven for 15 minutes;\r\nRemove the load and bake for another 10 minutes to dry the bottom;\r\nRemove the pan and let rest and cool for 10 minutes;\r\nDrain the cherries from the juice. In a suitable saucepan, mix the cherries with sugar, starch, and spices. Pour the juice. Gently stir;\r\nPut on a medium heat and cook for 5 minutes, stirring to dissolve the sugar;\r\nLet the cherries rest for 5 minutes and gently pour on the cake, distributing the berries;\r\nWhile the cherries cool, roll out the dough and cut it into strips. Spread the strips over the cake, pressing a little. I made the edges to remove the bumps. Grease the strips with egg and water, avoiding the filling;\r\nBake for 20-25 minutes;\r\nNow the most difficult thing. Let the cake cool down for at least an hour or two so that the filling got the desired texture. After that, you can cut and eat.\r\n\r\nReplacements:\r\n\r\nYou can take a ready-made dough from a supermarket. I tried to bake the cake this way and it turned out great;\r\nCherries can be replaced by blueberries, currants and other favorite berries with a sour tint;\r\nPart of the cherry juice or the whole juice can be changed to red dry wine or accompanied with brandy. It will be even more intense;\r\nCornstarch can be replaced with potato starch.", "time_to_cook": 180, "type_of_dish": 1}}, {"model": "menu.recipe", "pk": 5, "fields": {"name": "Dragonfire Chili", "game_id": 2, "ingredients": "1 lb ground beef\r\n1 onion, chopped\r\n3 cloves of garlic, minced\r\n2 jalapeno peppers, diced\r\n1 can of kidney beans, drained and rinsed\r\n1 can of diced tomatoes\r\n2 tbsp chili powder\r\n1 tsp cumin\r\nSalt and pepper to taste", "cooking_step": "In a large pot, brown the ground beef over medium heat. Drain excess fat.\r\nAdd the onion, garlic, and jalapeno peppers to the pot. Sauté until the onions are translucent.\r\nStir in the kidney beans, diced tomatoes, chili powder, cumin, salt, and pepper.\r\nBring the chili to a simmer and let it cook for 30 minutes to an hour, stirring occasionally.\r\nAdjust the seasoning if needed.\r\nServe hot", "time_to_cook": 60, "type_of_dish": 3}}, {"model": "menu.recipe", "pk": 6, "fields": {"name": "Witcher's Potion Soup", "game_id": 1, "ingredients": "2 chicken breasts, diced\r\n1 onion, chopped\r\n2 carrots, sliced\r\n2 celery stalks, sliced\r\n3 cloves of garlic, minced\r\n4 cups chicken broth\r\n1 cup sliced mushrooms\r\n1 cup spinach leaves\r\n1 tsp dried thyme\r\nSalt and pepper to taste", "cooking_step": "In a large pot, heat some oil and sauté the chicken until browned. Remove and set aside.\r\nIn the same pot, sauté the onion, carrots, celery, and garlic until softened.\r\nReturn the chicken to the pot and add the chicken broth, mushrooms, thyme, salt, and pepper.\r\nBring the soup to a boil, then reduce the heat and let it simmer for 20 minutes.\r\nAdd the spinach leaves and cook for an additional 5 minutes until wilted.\r\nAdjust the seasoning if needed.\r\nServe hot.", "time_to_cook": 40, "type_of_dish": 3}}, {"model": "menu.recipe", "pk": 7, "fields": {"name": "Skyrim Sweet Rolls", "game_id": 3, "ingredients": "2 cups all-purpose flour\r\n1/4 cup granulated sugar\r\n1 tbsp baking powder\r\n1/2 tsp salt\r\n1/2 cup unsalted butter, cold and cubed\r\n2/3 cup milk\r\n1 tsp vanilla extract\r\n1/2 cup brown sugar\r\n2 tsp ground cinnamon\r\n1/2 cup powdered sugar\r\n1-2 tbsp milk", "cooking_step": "Preheat the oven to 425°F (220°C). Line a baking sheet with parchment paper.\r\nIn a large bowl, whisk together the flour, granulated sugar, baking powder, and salt.\r\nAdd the cold butter to the dry ingredients and use a pastry cutter or your fingers to cut it into the flour mixture until it resembles coarse crumbs.\r\nIn a separate bowl, combine the milk and vanilla extract. Pour the milk mixture into the flour mixture and stir until just combined.\r\nTransfer the dough onto a lightly floured surface and knead it a few times until it comes together. Roll it out into a rectangle.\r\nIn a small bowl, mix together the brown sugar and cinnamon. Sprinkle the mixture evenly over the dough.\r\nStarting from one long side, tightly roll up the dough into a log. Slice the log into rolls, about 1 inch thick.\r\nPlace the rolls on the prepared baking sheet and bake for 12-15 minutes or until golden brown.\r\nWhile the rolls are baking, prepare the glaze by whisking together the powdered sugar and milk in a small bowl.\r\nRemove the rolls from the oven and let them cool slightly. Drizzle the glaze over the warm rolls.\r\nServe and enjoy.", "time_to_cook": 30, "type_of_dish": 6}}, {"model": "menu.recipe", "pk": 8, "fields": {"name": "Ironforge Braised Ribs", "game_id": 2, "ingredients": "2 lbs pork ribs\r\n1 cup soy sauce\r\n1/2 cup brown sugar\r\n1/4 cup rice vinegar\r\n4 cloves of garlic, minced\r\n1 tbsp grated ginger\r\n1 tsp black pepper\r\n1/2 cup water\r\nGreen onions, chopped (for garnish)", "cooking_step": "Preheat the oven to 325°F (165°C).\r\nIn a bowl, whisk together the soy sauce, brown sugar, rice vinegar, garlic, ginger, black pepper, and water.\r\nPlace the ribs in a baking dish and pour the marinade over them, making sure they are fully coated.\r\nCover the dish with foil and bake for 2 to 2 1/2 hours, or until the ribs are tender and cooked through.\r\nRemove the foil and broil the ribs for an additional 5 minutes to caramelize the sauce.\r\nGarnish with chopped green onions and serve.", "time_to_cook": 180, "type_of_dish": 5}}, {"model": "menu.recipe", "pk": 9, "fields": {"name": "Geralt's Witcher Soup", "game_id": 1, "ingredients": "1 lb beef stew meat, cubed\r\n1 onion, chopped\r\n2 carrots, sliced\r\n2 potatoes, diced\r\n2 parsnips, sliced\r\n4 cups beef broth\r\n1 cup diced tomatoes\r\n2 cloves of garlic, minced\r\n1 tsp dried thyme\r\nSalt and pepper to taste", "cooking_step": "In a large pot, brown the beef stew meat over medium heat. Remove and set aside.\r\nIn the same pot, sauté the onion, carrots, potatoes, parsnips, and garlic until slightly softened.\r\nReturn the beef to the pot and add the beef broth, diced tomatoes, thyme, salt, and pepper.\r\nBring the soup to a boil, then reduce the heat and let it simmer for 1 hour or until the beef is tender.\r\nAdjust the seasoning if needed.\r\nServe hot", "time_to_cook": 90, "type_of_dish": 3}}, {"model": "menu.recipe", "pk": 10, "fields": {"name": "Elsweyr Mango Tango Salad", "game_id": 3, "ingredients": "2 ripe mangoes, diced\r\n1 red bell pepper, diced\r\n1/2 red onion, thinly sliced\r\n1/4 cup chopped fresh cilantro\r\n2 tbsp lime juice\r\n1 tbsp olive oil\r\nSalt and pepper to taste", "cooking_step": "In a large bowl, combine the diced mangoes, red bell pepper, red onion, and cilantro.\r\nIn a small bowl, whisk together the lime juice, olive oil, salt, and pepper.\r\nPour the dressing over the mango mixture and toss until well coated.\r\nLet the salad sit for about 10 minutes to allow the flavors to meld.\r\nServe chilled.", "time_to_cook": 15, "type_of_dish": 4}}, {"model": "menu.recipe", "pk": 11, "fields": {"name": "Dwarven Ale-Battered Fish", "game_id": 2, "ingredients": "1 lb white fish fillets\r\n1 cup all-purpose flour\r\n1/2 cup cornstarch\r\n1 tsp baking powder\r\n1 cup Dwarven ale (or any beer of your choice)\r\nSalt and pepper to taste\r\nVegetable oil (for frying)", "cooking_step": "In a large bowl, whisk together the flour, cornstarch, baking powder, salt, and pepper.\r\nGradually pour in the Dwarven ale while whisking until you have a smooth batter.\r\nHeat vegetable oil in a deep fryer or large pot to 375°F (190°C).\r\nDip each fish fillet into the batter, allowing any excess to drip off, and carefully place it into the hot oil.\r\nFry the fish for 3-4 minutes on each side, or until golden brown and crispy.\r\nRemove the fish from the oil and drain on a paper towel-lined plate.\r\nServe hot with tartar sauce or your favorite dipping sauce.", "time_to_cook": 20, "type_of_dish": 5}}, {"model": "menu.recipe", "pk": 12, "fields": {"name": "Roasted Venison with Blackberry Sauce", "game_id": 1, "ingredients": "2 lbs venison roast\r\n1 tbsp olive oil\r\n1 tsp dried rosemary\r\n1 tsp dried thyme\r\nSalt and pepper to taste\r\n1 cup blackberries\r\n1/4 cup red wine\r\n2 tbsp honey\r\n1 tbsp balsamic vinegar", "cooking_step": "Preheat the oven to 375°F (190°C).\r\nRub the venison roast with olive oil, dried rosemary, dried thyme, salt, and pepper.\r\nPlace the roast on a rack in a roasting pan and cook in the preheated oven for about 25-30 minutes per pound, or until the internal temperature reaches your desired doneness.\r\nIn a saucepan, combine the blackberries, red wine, honey, and balsamic vinegar. Bring the mixture to a simmer and cook for about 10 minutes, or until the blackberries have broken down and the sauce has thickened.\r\nRemove the roast from the oven and let it rest for 10 minutes before slicing.\r\nServe the sliced venison with the blackberry sauce.", "time_to_cook": 60, "type_of_dish": 5}}, {"model": "menu.recipe", "pk": 13, "fields": {"name": "Hearthglen Roast Chicken", "game_id": 2, "ingredients": "1 whole chicken\r\n4 cloves of garlic, minced\r\n2 tbsp fresh rosemary, chopped\r\n2 tbsp fresh thyme, chopped\r\n1 lemon, sliced\r\nSalt and pepper to taste\r\nOlive oil", "cooking_step": "Preheat the oven to 425°F (220°C).\r\nRinse the chicken and pat it dry with paper towels.\r\nIn a small bowl, combine the minced garlic, rosemary, thyme, salt, and pepper.\r\nRub the chicken with olive oil, then sprinkle the herb mixture all over the chicken, including inside the cavity.\r\nStuff the chicken cavity with the lemon slices.\r\nPlace the chicken on a roasting pan and roast in the preheated oven for about 1 hour and 15 minutes, or until the internal temperature reaches 165°F (74°C).\r\nLet the chicken rest for 10 minutes before carving.\r\nServe hot", "time_to_cook": 75, "type_of_dish": 5}}, {"model": "menu.recipe", "pk": 14, "fields": {"name": "Temerian Beef Stew", "game_id": 1, "ingredients": "2 lbs beef stew meat, cubed\r\n2 tbsp vegetable oil\r\n1 onion, chopped\r\n2 carrots, sliced\r\n2 parsnips, sliced\r\n3 potatoes, diced\r\n2 cloves of garlic, minced\r\n4 cups beef broth\r\n1 cup red wine\r\n2 tbsp tomato paste\r\n1 tsp dried thyme\r\nSalt and pepper to taste", "cooking_step": "In a large pot, heat the vegetable oil over medium-high heat. Add the beef stew meat and brown it on all sides. Remove the meat from the pot and set aside.\r\nIn the same pot, sauté the onion, carrots, parsnips, and garlic until they begin to soften.\r\nReturn the beef to the pot and add the beef broth, red wine, tomato paste, dried thyme, salt, and pepper.\r\nBring the stew to a boil, then reduce the heat to low, cover the pot, and let it simmer for 2-3 hours, or until the beef is tender.\r\nAdjust the seasoning if needed.\r\nServe hot.", "time_to_cook": 180, "type_of_dish": 5}}, {"model": "menu.recipe", "pk": 15, "fields": {"name": "Skooma-infused Sweetrolls", "game_id": 3, "ingredients": "2 cups all-purpose flour\r\n1/4 cup granulated sugar\r\n1 tbsp baking powder\r\n1/2 tsp salt\r\n1/2 cup unsalted butter, cold and cubed\r\n2/3 cup milk\r\n1 tsp vanilla extract\r\n1/2 cup brown sugar\r\n2 tsp ground cinnamon\r\n1/4 cup Skooma (or orange juice for a non-alcoholic version)\r\nGlaze: 1 cup powdered sugar, 2 tbsp milk", "cooking_step": "Preheat the oven to 425°F (220°C). Line a baking sheet with parchment paper.\r\nIn a large bowl, whisk together the flour, granulated sugar, baking powder, and salt.\r\nAdd the cold, cubed butter to the flour mixture. Use a pastry cutter or your fingers to cut it into the flour mixture until it resembles coarse crumbs.\r\nIn a separate bowl, combine the milk and vanilla extract. Pour the milk mixture into the flour mixture and stir until just combined.\r\nTransfer the dough onto a lightly floured surface and knead it a few times until it comes together. Roll it out into a rectangle.\r\nIn a small bowl, mix together the brown sugar and cinnamon. Sprinkle the mixture evenly over the dough.\r\nStarting from one long side, tightly roll up the dough into a log. Slice the log into rolls, about 1 inch thick.\r\nPlace the rolls on the prepared baking sheet and bake for 12-15 minutes or until golden brown.\r\nWhile the rolls are baking, prepare the glaze by whisking together the powdered sugar and milk in a small bowl.\r\nRemove the rolls from the oven and let them cool slightly. Drizzle the glaze over the warm rolls.\r\nServe and enjoy.", "time_to_cook": 30, "type_of_dish": 1}}, {"model": "menu.recipe", "pk": 16, "fields": {"name": "Whiterun Honey-Glazed Carrots", "game_id": 3, "ingredients": "1 lb carrots, peeled and sliced\r\n2 tbsp unsalted butter\r\n2 tbsp honey\r\n1 tsp dried thyme\r\nSalt and pepper to taste\r\nChopped fresh parsley (for garnish)", "cooking_step": "In a large skillet, melt the butter over medium heat.\r\nAdd the carrots to the skillet and sauté for about 5 minutes, until they begin to soften.\r\nDrizzle the honey over the carrots and sprinkle with dried thyme, salt, and pepper. Stir to coat the carrots evenly.\r\nReduce the heat to low and cover the skillet. Cook for an additional 10-15 minutes, or until the carrots are tender.\r\nRemove from heat and garnish with chopped fresh parsley.\r\nServe hot.", "time_to_cook": 20, "type_of_dish": 4}}, {"model": "menu.recipe", "pk": 17, "fields": {"name": "Stormwind Mead", "game_id": 2, "ingredients": "4 cups honey\r\n1 liter water\r\n1 lemon, sliced\r\n1 orange, sliced\r\n2 tablespoons fresh lime juice\r\n1 tablespoon fresh lemon juice\r\n1 cup white rum (optional)", "cooking_step": "In a large pot, combine the honey and water. Bring to a simmer and stir until the honey is completely dissolved.\r\nAdd the sliced lemon, orange, fresh lime juice, and fresh lemon juice.\r\nRemove the pot from heat and add the white rum (optional) if you want an alcoholic version.\r\nLet the mixture steep for about 30 minutes to allow the flavors to blend.\r\nChill the mead in the refrigerator or serve over ice.\r\nServe chilled", "time_to_cook": 40, "type_of_dish": 2}}, {"model": "menu.recipe", "pk": 18, "fields": {"name": "Swallow Potion", "game_id": 1, "ingredients": "1 1/2 ounces high-quality vodka\r\n1 ounce grain alcohol\r\n1/2 ounce herbal liqueur\r\n1/2 ounce hazelnut liqueur\r\n1/2 ounce lemon juice\r\n1/2 ounce cherry syrup\r\nIce for chilling", "cooking_step": "In a shaker filled with ice, combine all the ingredients.\r\nShake vigorously to mix well.\r\nStrain the potion into a glass.\r\nServe chilled.", "time_to_cook": 5, "type_of_dish": 2}}, {"model": "menu.recipe", "pk": 19, "fields": {"name": "Scooma", "game_id": 3, "ingredients": "1 cup sugar\r\n1 cup water\r\n1 tablespoon honey\r\n1 tablespoon lemon juice\r\n1 teaspoon almond extract\r\n1/2 teaspoon ground cinnamon\r\n1/4 teaspoon ground nutmeg\r\n1/4 teaspoon ground cloves\r\n1/4 teaspoon ground cardamom\r\nIce for serving", "cooking_step": "In a small saucepan, combine the sugar, water, honey, lemon juice, almond extract, ground cinnamon, ground nutmeg, ground cloves, and ground cardamom.\r\nBring the mixture to a boil, stirring until the sugar is fully dissolved.\r\nRemove from heat and let the skooma syrup cool to room temperature.\r\nTo serve, fill a glass with ice and pour the skooma syrup over it.\r\nStir well and enjoy.\r\nServe over ice.", "time_to_cook": 15, "type_of_dish": 2}}]